Link,Topic,Card Title,Tags,Date,Card Text
/news/item/1870434/,pskov,В Псковской области заместитель главы городской администрации подозревается в получении взятки в особо крупном размере,['взятка'],03 Мая 2024,"Следственными органами Следственного комитета Российской Федерации по Псковской области по материалам УЭБ и ПК УМВД России по городу Пскову возбуждено уголовное дело в отношении 31-летнего заместителя главы администрации города Пскова – начальника управления городского хозяйства Администрации города Пскова, подозреваемого в совершении преступления, предусмотренного ч. 6 ст. 290 УК РФ (получение должностным лицом взятки в особо крупном размере). По версии следствия, в 2022 году подозреваемый получил от директора коммерческого предприятия по строительству дорожной сети автомобиль стоимостью более 5 миллионов рублей в качестве взятки за своевременное и беспрепятственное принятие работ по заключенным между коммерческим предприятием и управлением городского хозяйства города Пскова муниципальным контрактам. В настоящее время фигурант задержан в процессуальном порядке, решается вопрос об избрании ему меры пресечения, проводятся обыски, следственные и иные процессуальные действия, направленные на установление всех обстоятельств совершенного преступления. Органами следствия действиям взяткодателя также будет дана надлежащая правовая оценка."
/news/item/1667193/,pskov,В Великих Луках возбуждено еще одно уголовное дело по факту получения взятки деканом факультета,['взятка'],01 Мая 2024,"Следственными органами Следственного комитета Российской Федерации по Псковской области по материалам оперативно-розыскной деятельности отдела экономической безопасности и противодействия коррупции ОМВД России по г.Великие Луки возбуждено новое уголовное дело в отношении декана одного из факультетов филиала ПсковГУ в г.Великие Луки. Он подозревается в совершении двух преступлений, предусмотренных ч.3 ст. 290 УК РФ (получение взятки). По версии следствия, в феврале 2022 года подозреваемый получил от студента взятку в размере 27 тысяч рублей за выставление в зачетной книжке экзаменационных оценок по предметам минуя процедуру приема экзамена и проверки знаний. В настоящее время следователи совместно с полицейскими проводят следственные действия, направленные на установление всех обстоятельств совершенного преступления."
/news/item/1860418/,pskov,В городе Пскове мужчина подозревается в покушении на дачу мелкой взятки начальнику следственного изолятора,['взятка'],22 Марта 2024,"Следственными органами Следственного комитета Российской Федерации по Псковской области по материалам ОСБ УФСИН России по Псковской области возбуждено уголовное дело в отношении 31-летнего мужчины, подозреваемого в совершении преступления, предусмотренного ч. 3 ст. 30, ч. 1 ст. 291.2 УК РФ (покушение на мелкое взяточничество).
 По версии следствия, 8 февраля 2024 года в утреннее время мужчина, находясь на приеме у начальника ФКУ СИЗО-1 УФСИН России по Псковской области, попытался дать последнему взятку за разрешение не согласованного с судебными органами свидания с содержащимся в следственном изоляторе братом. Однако должностное лицо отказалось от получения взятки, мужчина был задержан.
 В настоящее время проводятся следственные действия, направленные на установление всех обстоятельств совершенного преступления."
/news/item/1653263/,pskov,В Пскове перед судом предстанет бизнесмен по обвинению в попытке подкупить следователя через посредника,['взятка'],01 Марта 2024,"Следственными органами Следственного комитета Российской Федерации по Псковской области завершено расследование уголовного дела в отношении генерального директора одной из фирм. Он обвиняется в совершении преступления, предусмотренного ч.3 ст.291 УК РФ (дача взятки должностному лицу через посредника в значительном размере, за совершение заведомо незаконных действий).
По версии следствия, 27 апреля 2021 года обвиняемый передал взятку в размере 50 тысяч рублей действующему в рамках оперативно-розыскных мероприятий посреднику для решения вопроса со следователем органов внутренних дел о возвращении взяткодателю ранее изъятых пограничниками немаркированных табачных изделий в количестве почти 90 тысяч пачек, являющихся вещественными доказательствами по уголовному делу. В момент передачи денег взяткодатель был задержан полицейскими.
Уголовное дело было расследовано по материалам оперативно-розыскной деятельности ОЭБ и ПК УМВД России по г.Пскову.
В настоящее время следствием собрана достаточная доказательственная база, в связи с чем уголовное дело с утвержденным обвинительным заключением направлено в суд для рассмотрения по существу."
/news/item/1761261/,pskov,В Псковской области бывший глава одного из муниципалитетов признан виновным в совершении должностных преступлений,['коррупция'],21 Февраля 2024,"Собранные третьим отделом по расследованию особо важных дел следственного управления Следственного комитета Российской Федерации по Псковской области доказательства признаны судом достаточными для вынесения приговора в отношении бывшего главы Палкинского района. Он признан виновным в совершении покушения на мошенничество (ч.3 ст.30, ч.3 ст.159 УК РФ) и двух фактов превышения должностных полномочий (ч.2 ст.286 УК РФ), совершенных в бюджетной сфере.
Установлено, что в мае 2019 года подсудимый предоставил для оплаты в Администрацию городского поселения «Палкино» документы о выполнении его братом работ по ремонту тротуара и участка автодороги, которые фактически выполнил местный предприниматель на безвозмездной основе.
Кроме того, в 2019 году он дважды превысил свои должностные полномочия при подписании актов о приемке работ в рамках муниципальных контрактов по реконструкции дома культуры и текущему ремонту дорог муниципального значения, в результате чего подрядчикам были переведены денежные средства за фактически невыполненные работы на общую сумму почти 1 млн рублей.
Приговором суда виновному назначено наказание в виде 3 лет принудительных работ с удержанием 10% заработка в доход государства.
Оперативное сопровождение по уголовному делу осуществляли сотрудники региональных управлений ФСБ и МВД."
/news/item/1660195/,pskov,В Новосокольническом районе глава сельского поселения подозревается в получении взятки за беспрепятственную добычу песка,['взятка'],19 Февраля 2024,"Следственными органами Следственного комитета Российской Федерации по Псковской области по материалам оперативно-розыскной деятельности УМВД России по Псковской области возбуждено уголовное дело в отношении главы сельского поселения в Новосокольническом районе. Он подозревается в совершении преступления, предусмотренного ч.4 ст.290 УК РФ (получение взятки).
По версии следствия, в 2020-2021 гг. подозреваемый неоднократно получал от индивидуального предпринимателя взятки за возможность беспрепятственно добывать и вывозить песок с карьера, при отсутствии разрешающих документов на добычу общераспространенных полезных ископаемых.
Общая сумма незаконного вознаграждения, которая была перечислена ему на банковскую карту, превысила 80 тысяч рублей.
 
В настоящее время проводятся следственные действия, направленные на установление всех обстоятельств совершенного преступления."
/news/item/1795051/,pskov,В Пскове мужчина признан виновным в попытке подкупить следователя через посредника,['взятка'],16 Февраля 2024,"Собранные следственными органами Следственного комитета Российской Федерации по Псковской области доказательства признаны судом достаточными для вынесения приговора в отношении генерального директора одной из фирм. Он признан виновным в совершении преступления, предусмотренного ч.3 ст.30, ч.3 ст.291 УК РФ (покушение на дачу взятки должностному лицу через посредника в значительном размере, за совершение заведомо незаконных действий).
Установлено, что 27 апреля 2021 года подсудимый передал взятку в размере 50 тысяч рублей действующему в рамках оперативно-розыскных мероприятий посреднику для решения вопроса со следователем органов внутренних дел о возвращении взяткодателю ранее изъятых пограничниками немаркированных табачных изделий в количестве почти 90 тысяч пачек, являющихся вещественными доказательствами по уголовному делу. В момент передачи денег взяткодатель был задержан полицейскими.
Уголовное дело было расследовано по материалам оперативно-розыскной деятельности ОЭБ и ПК УМВД России по г.Пскову.
Приговором суда виновному назначено наказание в виде штрафа."
/news/item/1809221/,pskov,В Пскове завершено расследование уголовного дела в отношении шести основных участников преступного сообщества по обвинению в хищении бюджетных средств и имущества,['мошенничество'],13 Февраля 2024,"Третьим отделом по расследованию особо важных дел (о преступлениях прошлых лет) следственного управления Следственного комитета Российской Федерации по Псковской области завершено расследование уголовного дела в отношении шести из девяти участников преступного сообщества, обвиняемых следствием в серии мошеннических действий в особо крупном размере и других преступлений (ч.4 ст.159, п. «а», «б» ч.2 ст.165, ч.1 ст.222, ч.2 и 3 ст.210 УК РФ).
По версии следствия, с 2018 по 2021 гг. участники преступного сообщества, в которое входили руководители подразделений УМВД России по Псковской области и их подчиненные из тылового обеспечения, а также сотрудники коммерческих организаций города Пскова по техническому обслуживанию и ремонту автомобилей, совершили хищение бюджетных средств МВД России на сумму почти 11 млн рублей, похитили мошенническим путем 20 ведомственных легковых и грузовых автомобилей иностранного и отечественного производства, а также специальную технику, причинив в результате указанных и иных противоправных действий общий ущерб на сумму почти 20 млн рублей.
Уголовное дело возбуждено и расследовано при оперативном сопровождении сотрудников Главного управления собственной безопасности МВД России, а также собственной безопасности УМВД России по Псковской области.
В ходе обысков следователи изъяли у фигурантов наличные денежные средства на сумму около одного миллиона рублей, а также наложили арест на их движимое и недвижимое имущество в Псковской области и других регионах России на общую сумму 7 млн рублей.
В настоящее время завершена процедура ознакомления подследственных с материалами уголовного дела, которая длилась почти год. Следствием собрана достаточная доказательственная база, в связи с чем уголовное дело почти в 300 томах направлено в суд для рассмотрения по существу.
Ранее приговором суда другим трем фигурантам этого уголовного дела, которые заключили досудебное соглашение о сотрудничестве и активно содействовали раскрытию и расследованию преступлений, назначено условное наказание."
/news/item/1646675/,pskov,В Великих Луках перед судом предстанет бизнесмен по обвинению в попытке подкупить полицейского полумиллионной взяткой,['взятка'],07 Февраля 2024,"Следственными органами Следственного комитета Российской Федерации по Псковской области завершено расследование уголовного дела в отношении великолукского предпринимателя. Он обвиняется в совершении преступления, предусмотренного п. «б» ч.4 ст.291 УК РФ (дача взятки должностному лицу)По версии следствия, 28 июля 2021 года на автозаправочной станции в г.Великие Луки обвиняемый, будучи ранее привлеченным великолукскими полицейскими к административной ответственности за управление транспортным средством в состоянии алкогольного опьянения, чтобы избежать наказания передал действующему согласно легенде прикрытия оперативному сотруднику по борьбе с экономическими преступлениями и противодействию коррупции, взятку в виде денег в размере 500 тысяч рублей, после чего был задержан.Уголовное дело было возбуждено по материалам оперативно-розыскной деятельности ОЭБ и ПК УМВД России по г.Великие Луки.В настоящее время следствием собрана достаточная доказательственная база, в связи с чем уголовное дело с утверждённым обвинительным заключением направлено в суд для рассмотрения по существу."
/news/item/1745231/,pskov,В Пскове сотрудник автодорожного надзора подозревается в коррупционном преступлении,['взятка'],05 Февраля 2024,"Следственными органами Следственного комитета Российской Федерации по Псковской области по материалам оперативно-розыскной деятельности ОЭБ и ПК УМВД России по городу Пскову возбуждено уголовное дело в отношении государственного инспектора территориального отдела государственного автодорожного надзора по Псковской области Северо-Восточного межрегионального управления государственного автодорожного надзора Федеральной службы по надзору в сфере транспорта. Он подозревается в совершении преступления, предусмотренного ч.3 ст.290 УК РФ (получение должностным лицом взятки в виде денег за незаконное бездействие в пользу взяткодателя).
По версии следствия, 3 октября 2022 года подозреваемый через посредника получил взятку в виде денег в размере 15 тысяч рублей путем перевода на банковский счет супруги за беспрепятственное прохождение большегрузного автомобильного транспорта взяткодателя через стационарный контрольный пункт в городе Пскове с возможным превышением допустимой нагрузки на ось, а соответственно не привлечение виновных лиц к ответственности за нарушение норм транспортной безопасности.
Сегодня ночью следователи совместно с оперативниками при силовой поддержке бойцов отряда специального назначения «Гром» УКОН УМВД России по Псковской области провели шесть обысков по месту работы и жительства всех фигурантов, в ходе которых изъяли наличные денежные средства и другие предметы и документы, имеющие доказательственное значение.
В настоящее время подозреваемый задержан в процессуальном порядке. Проводятся следственные действия, направленные на установление всех обстоятельств совершенного преступления."
/news/item/1644101/,pskov,В Великих Луках два преподавателя ВУЗа признаны виновными в совершении коррупционных преступлений,['взятка'],01 Февраля 2024,"Собранные следственными органами Следственного комитета Российской Федерации по Псковской области доказательства признаны судом достаточными для вынесения приговора в отношении декана одного из факультетов ФГБОУ ВО «Великолукская государственная сельскохозяйственная академия» и его заместителя. Они признаны виновными в совершении восьми эпизодов получения взяток (п. «а» ч.5 ст.290 УК РФ).
Установлено, что в 2016-2019 гг. злоумышленники, находясь по месту работы и в иных местах, систематически получали от студентов разные суммы взяток как наличными, так переводом на банковские карты за допуск к сдаче сессий без фактического посещения занятий и успешную сдачу зачетов, экзаменов и практик без фактической проверки знаний. Общий размер незаконного обогащения осужденных составил свыше 400 тысяч рублей.
Подсудимые признали свою вину полностью и раскаялись в содеянном. Суд назначил каждому из них наказание в виде штрафа в размере 2 100 000 рублей с лишением права заниматься педагогической деятельностью сроком на три года. Кроме того, часть имущества злоумышленников изъяли в доход государства. Приговор суда в законную силу не вступил."
/news/item/1700149/,pskov,В Пыталово дальнобойщик признан виновным в попытке подкупить таможенника,['взятка'],31 Января 2024,"Собранные следственными органами Следственного комитета Российской Федерации по Псковской области доказательства признаны судом достаточными для вынесения приговора в отношении жителя Северной Македонии. Он признан виновным в покушении на дачу взятки сотруднику таможенной службы (ч.3 ст.30, ч.3 ст.291 УК РФ).Установлено, что 30 апреля 2022 года злоумышленник, в момент прохождения российско-латвийской границы в Пыталовском районе, при подстрекательстве польского дальнобойщика пытался дать взятку в размере 250 евро сотруднику таможенного поста в интересах своего земляка, в действиях которого усматривались признаки административного правонарушения, совершенного в транспортной сфере, однако был задержан с поличным.Приговором суда виновному назначено наказание в виде штрафа в размере 30 тысяч рублей.Уголовное дело было возбуждено и расследовано по материалам оперативно-розыскной деятельности отдела по противодействию коррупции Псковской таможни и Псковского линейного отдела МВД России на транспорте."
/news/item/1844661/,pskov,В Пскове бывший сотрудник автодорожного надзора подозревается в получении взятки,['взятка'],26 Января 2024,"Следственными органами Следственного комитета Российской Федерации по Псковской области по материалам оперативно-розыскной деятельности УФСБ России по Псковской области и ОЭБ и ПК УМВД России по г. Пскову возбуждено уголовное дело в отношении бывшего государственного инспектора территориального отдела государственного автодорожного надзора по Псковской области Северо-Восточного межрегионального управления государственного автодорожного надзора Федеральной службы по надзору в сфере транспорта. Он подозревается в совершении преступления, предусмотренного ч.3 ст.290 УК РФ (получение должностным лицом через посредника взятки в виде денег за незаконное бездействие в пользу взяткодателя).По версии следствия, осенью 2022 года подозреваемый через посредника получил взятку в виде денег в размере 20 тысяч рублей за беспрепятственное прохождение большегрузного автомобильного транспорта взяткодателя через стационарный контрольный пункт в городе Пскове при наличии некорректно заполненных сопроводительных документов на груз и непривлечение к ответственности за нарушение норм транспортной безопасности.В настоящее время следователями проводятся следственные действия, направленные на установление всех обстоятельств совершенного преступления.Кроме того, в настоящее время судом рассматривается уголовное дело по обвинению фигуранта в совершении ряда аналогичных преступлений."
/news/item/1691657/,pskov,В Печорском районе мужчина признан виновным в даче взятки таможеннику за ввоз санкционных продуктов,['взятка'],18 Декабря 2023,"Собранные следственными органами Следственного комитета Российской Федерации по Псковской области доказательства признаны судом достаточными для вынесения приговора в отношении иностранного гражданина. Он признан виновным в совершении преступления, предусмотренного ч.3 ст.30, ч.3 ст.291 УК РФ (покушение на дачу взятки). Уголовное дело было возбуждено по материалам оперативно-розыскной деятельности отдела по противодействию коррупции Псковской таможни и Псковского линейного отдела МВД России на транспорте.Установлено, что 19 марта 2022 года злоумышленник, управляя крупнотоннажным грузовым автомобилем, перевозил через границу Российской Федерации произведенные заграницей мясные продукты в количестве 18,5 тонн, в отношении которых установлены специальные правила. Находясь на территории таможенного поста в Печорском районе, он пытался подкупить инспектора Псковской таможни взяткой в размере 1200 евро за беспрепятственное прохождение таможенного оформления, однако был задержан с поличным.Приговором суда виновному назначено наказание в виде штрафа в размере 300 тысяч рублей, который им уплачен."
/news/item/1705366/,pskov,В Палкино перед судом предстанет бывшая сотрудница отделения почтовой связи по обвинению в присвоении денег,['присвоение'],07 Декабря 2023,"Следственными органами Следственного комитета Российской Федерации по Псковской области завершено расследование уголовного дела в отношении бывшего начальника отделения почтовой связи. Она обвиняется в совершении преступления, предусмотренного ч.3 ст.160 УК РФ (присвоение, то есть хищение чужого имущества, вверенного виновному, совершенное лицом с использованием своего служебного положения).
По версии следствия, в период с 2018 по 2020 гг. обвиняемая, выполняя обязанности по должности начальника отделения почтовой связи Псковского почтампа УФПС Псковской области – филиала ФГУП «Почта России», используя свое служебное положение совершила хищение вверенных ей денежных средств из кассы отделения на общую сумму свыше 11 тысяч рублей.
В настоящее время следствием собрана достаточная доказательственная база, в связи с чем уголовное дело с утвержденным обвинительным заключением направлено в суд для рассмотрения по существу."
/news/item/1862022/,pskov,В городе Пскове ранее судимый мужчина обвиняется в даче взятки сотруднику полиции,['взятка'],22 Августа 2023,"Следственными органами Следственного комитета Российской Федерации по Псковской области по материалам ОЭБ и ПК УМВД России по городу Пскову возбуждено уголовное дело в отношении 24-летнего местного жителя по признакам преступления, предусмотренного п. «б» ч. 4 ст. 291 УК РФ (дача взятки должностному лицу через посредника за совершение заведомо незаконных действий, совершенная в крупном размере).
 По версии следствия, 15 февраля 2024 года мужчина через посредников передал сотруднику полиции, действовавшему в рамках оперативного эксперимента, часть денежных средств от общей суммы обещанной взятки в размере двухсот тысяч рублей за незаконные действия полицейского по передаче взяткодателю приобщенного к материалу проверки поддельного паспорта. Противоправные действия взяткодателя были пресечены сотрудниками полиции.
 В настоящее время мужчине предъявлено обвинение в даче взятки, и по ходатайству следствия судом избрана мера пресечения в виде заключения под стражу. По уголовному делу проводятся следственные действия, направленные на установление всех обстоятельств совершенного преступления."
/news/item/1879237/,pskov,В Пыталовском районе мужчина подозревается в покушении на дачу взятки сотруднику таможни,['взятка'],01 Августа 2023,"Следственными органами Следственного комитета Российской Федерации по Псковской области по материалам Псковской таможни и Псковского линейного отдела МВД России на транспорте возбуждено уголовное дело в отношении на 66-летнего мужчины, подозреваемого в покушении на дачу взятки в крупном размере сотруднику таможенной службы (ч. 3 ст. 30 п. «б» ч. 4 ст. 291 У РФ).
По версии следствия, 27 апреля 2024 года в вечернее время подозреваемый в ходе прохождения таможенного контроля на международном автомобильном пункте пропуска в Пыталовском районе пытался дать сотруднику таможенной службы взятку в размере 3100 долларов, что эквивалентно сумме свыше 285 тыс. рублей, за разрешение выезда из Российской Федерации с наличными денежными средствами в сумме, превышающей законодательно установленное ограничение. Однако должностное лицо отказалось от получения взятки, водитель был задержан.
В настоящее время проводятся следственные действия, направленные на установление всех обстоятельств совершенного преступления."
/news/item/1859341/,pskov,В городе Пскове мужчина подозревается в даче взятки сотруднику полиции,['взятка'],15 Июля 2023,"Следственными органами Следственного комитета Российской Федерации по Псковской области по материалам УЭБ и ПК УМВД России по Псковской области возбуждено уголовное дело в отношении 45-летнего мужчины, подозреваемого в совершении преступления, предусмотренного ч. 3 ст. 291 УК РФ (дача взятки должностному лицу в значительном размере за совершение заведомо незаконных действий).По версии следствия, 2 февраля 2024 года мужчина прибыл для беседы к участковому уполномоченному отдела полиции №1 УМВД России по городу Пскову, в ходе которой передал сотруднику полиции, действовавшему в рамках оперативного эксперимента, взятку в сумме ста тысяч рублей за освобождение фигуранта и его знакомого от уголовной ответственности за совершенные ими ранее кражи товаров и продуктов из супермаркета. Противоправные действия взяткодателя были пресечены сотрудниками полиции.В настоящее время проводятся следственные действия, направленные на установление всех обстоятельств совершенного преступления."
/news/item/1751203/,pskov,В Псковской области иностранец подозревается в коррупционном преступлении,['взятка'],30 Июня 2023,"Следственными органами Следственного комитета Российской Федерации по Псковской области по материалам оперативно-розыскной деятельности Псковской таможни и Псковского линейного отдела МВД России на транспорте возбуждено уголовное дело в отношении жителя иностранного государства. Он подозревается в совершении преступления, предусмотренного ч.3 ст.30, ч.3 ст.291 УК РФ (покушение на дачу взятки).
По версии следствия, 15 декабря 2022 года подозреваемый следовал к себе на родину транзитом через Российскую Федерацию на личном автомобиле с зарубежной регистрацией. В момент прохождения российско-латвийской границы в Пыталовском районе, чтобы избежать внесения суммы таможенного депозита за ввозимый автомобиль, он попытался дать взятку сотруднику таможни в размере 200 долларов США, однако после этого был задержан.  
В настоящее время проводятся следственные действия, направленные на установление всех обстоятельств совершенного преступления."
/news/item/1857932/,pskov,В Себежском районе водитель-экспедитор подозревается в покушении на дачу взятки сотруднику таможни,['взятка'],24 Мая 2023,"Следственными органами Следственного комитета Российской Федерации по Псковской области по материалам Псковской таможни возбуждено уголовное дело в отношении мужчины, подозреваемого в покушении на дачу взятки сотруднику таможенной службы (ч. 3 ст. 30, ч. 3 ст. 291 УК РФ).
По версии следствия, 30 января 2024 года подозреваемый в ходе прохождения таможенного контроля на международном автомобильном пункте пропуска в Себежском районе пытался дать взятку в иностранной валюте сотруднику таможенной службы за ускорение процедуры досмотра управляемого им автомобиля с грузом, однако должностное лицо отказалось от получения взятки, водитель был задержан.
В настоящее время проводятся следственные действия, направленные на установление всех обстоятельств совершенного преступления."
/news/item/1783416/,pskov,В Пскове мужчина подозревается в даче взятки налоговому инспектору и применении насилия в отношении полицейского,"['взятка', 'применение насилия']",12 Мая 2023,"Следственными органами Следственного комитета Российской Федерации по Псковской области по материалам оперативно-розыскной деятельности УЭБ и ПК УМВД России по городу Пскову возбуждены уголовные дела в отношении 43-летнего жителя города Пскова. Он подозревается в совершении двух преступлений, предусмотренных ч.3 ст.291 УК РФ (дача взятки) и ч.1 ст.318 УК РФ (применение насилия в отношении представителя власти).
По версии следствия, 19 апреля 2023 года на площади Ленина в городе Пскове подозреваемый передал налоговому инспектору, который участвовал в проведении оперативно-розыскного мероприятия, взятку в размере 70 тысяч рублей за содействие и не проведение проверок связанных с ним организаций.
В момент проведения неотложных следственных действий по документированию противоправной деятельности, предполагаемый злоумышленник совершил наезд на полицейского.
В настоящее время мужчина задержан в процессуальном порядке. Проводятся следственные действия по сбору и закреплению доказательственной базы."
/news/item/1862689/,pskov,В Островском районе мужчина предстанет перед судом по обвинению в незаконной рубке деревьев и даче взятки сотруднику полиции,['взятка'],21 Апреля 2023,"Следственными органами Следственного комитета Российской Федерации по Псковской области завершено расследование уголовного дела в отношении 36-летнего местного жителя. Он обвиняется в совершении преступлений, предусмотренных ч. 3 ст. 260 УК РФ (незаконная рубка лесных насаждений в особо крупном размере) и ч. 3 ст. 291 УК РФ (дача взятки должностному лицу лично за совершение заведомо незаконных действий).
 По версии следствия, в период с 1 по 20 ноября 2023 года обвиняемый своими силами и силами привлеченного лица, не осведомленного о его преступных намерениях, незаконно спилил на землях лесного фонда в Островском районе 28 произрастающих деревьев пород береза и осина, чем причинил лесному фонду Российской Федерации материальный ущерб на сумму более 800 тысяч рублей, что является особо крупным размером.
 Кроме того обвиняемый, будучи установленным правоохранительными органами как лицо, совершившее незаконную порубку, передал сотруднику полиции, действовавшему в рамках оперативного эксперимента, денежные средства в качестве взятки за освобождение его от уголовной ответственности и возврат изъятого имущества. Противоправные действия взяткодателя были пресечены сотрудниками полиции.
 В обеспечение заявленного представителем лесничества гражданского иска о возмещении причиненного незаконной рубкой материального ущерба следователем наложен арест на имущество обвиняемого на общую сумму более 900 тысяч рублей.
 В настоящее время следствием собрана достаточная доказательственная база, и уголовное дело направлено в суд для рассмотрения по существу."
/news/item/1861578/,pskov,В городе Пскове заведующая отделением одного из образовательных учреждений подозревается в мошенничестве,['мошенничество'],26 Января 2023,"Следственными органами Следственного комитета Российской Федерации по Псковской области по материалам УЭБ и ПК УМВД России по городу Пскову возбуждено уголовное дело в отношении 42-летней женщины, подозреваемой в совершении преступления, предусмотренного   ч. 3 ст. 159 УК РФ (мошенничество, совершенное лицом с использованием своего служебного положения, в крупном размере).
 По версии следствия, 2 сентября 2021 года заведующая отделением одного из образовательных учреждений города Пскова заключила со своей родственницей фиктивный трудовой договор о принятии последней на должность младшего воспитателя. В период со 2 сентября 2021 года по 23 августа 2023 года заведующая образовательного учреждения получала от своей фиктивно трудоустроенной родственницы поступающие той в качестве заработной платы денежные средства, похитив таким образом более 420 тысяч рублей бюджетных средств.
 В настоящее время следователями проведен обыск по месту жительства подозреваемой, наложен арест на ее банковские счета, проводятся иные следственные действия, направленные на установление всех обстоятельств совершенного преступления."
/news/item/1663240/,pskov,В Великих Луках декан факультета подозревается в получении взяток,['взятка'],28 Декабря 2022,"Следственными органами Следственного комитета Российской Федерации по Псковской области по материалам оперативно-розыскной деятельности отдела экономической безопасности и противодействия коррупции ОМВД России по г.Великие Луки возбуждены два уголовных дела в отношении декана одного из факультетов филиала ПсковГУ в г.Великие Луки. Он подозревается в совершении двух преступлений, предусмотренных ч.3 ст. 290 УК РФ (получение взятки).
По версии следствия, в июле 2021 года подозреваемый получил от студента взятку в размере 15 тысяч рублей за выставление в зачетной книжке экзаменационных оценок по предметам минуя процедуру приема экзамена и проверки знаний.
В декабре 2021 года подозреваемый по ранее достигнутой договоренности получил от студента денежный перевод на сумму 15 тысяч рублей за совершение аналогичных действий.
В настоящее время следователи совместно с полицейскими проводят следственные действия, направленные на установление всех обстоятельств совершенных преступлений."
/news/item/1818661/,pskov,В Плюсском районе мужчина подозревается в покушении на дачу взятки сотруднику ДПС,['взятка'],19 Декабря 2022,"Следственными органами Следственного комитета Российской Федерации по Псковской области по материалам УМВД России по Псковской области возбуждено уголовное дело в отношении 41-летнего жителя города Санкт-Петербурга. Он подозревается в покушении на дачу взятки полицейскому (ч.3 ст.30, ч.3 ст.291 УК РФ).
По версии следствия, вечером 16 августа 2023 года подозреваемый был остановлен инспектором дорожно-патрульной службы УМВД России по Псковской области на автодороге Санкт-Петербург - Невель в Плюсском районе, когда управлял транспортным средством, будучи лишенным этого специального права. В ходе разбирательства по делу об административном правонарушении он пытался дать полицейскому взятку в размере 20 тысяч рублей за непривлечение к установленной законом ответственности. Однако сотрудник принять деньги отказался, доложил руководству и вызвал следственно-оперативную группу.
В настоящее время проводятся следственные действия, направленные на сбор и закрепление доказательственной базы. Расследование уголовного дела продолжается."
/news/item/1735936/,pskov,В Острове сотрудница отделения почтовой связи подозревается в присвоении денег,['присвоение'],09 Декабря 2022,"Следственными органами Следственного комитета Российской Федерации по Псковской области возбуждено уголовное дело в отношении начальника отделения почтовой связи в городе Остров. Она подозревается в совершении преступления, предусмотренного ч.3 ст.160 УК РФ (присвоение, то есть хищение чужого имущества, вверенного виновному, совершенное лицом с использованием своего служебного положения).
По версии следствия, в период с ноября 2021 по август 2022 гг. подозреваемая, выполняя обязанности по должности начальника отделения почтовой связи «Остров-2» Островского почтампа, используя свое служебное положение совершила хищение вверенных ей денежных средств из кассы отделения на общую сумму почти 80 тысяч рублей.
В настоящее время проводятся следственные действия, направленные на установление всех обстоятельств совершенного преступления."
/news/item/1702032/,pskov,В Пскове перед судом предстанут два должностных лица за незаконную выдачу удостоверений на право управления маломерными суднами,"['превышение полномочий', 'служебный подлог']",30 Ноября 2022,"Третьим отделом по расследованию особо важных дел следственного управления Следственного комитета Российской Федерации по Псковской области завершено расследование уголовного дела в отношении руководителя инспекторского отделения №1 (г.Псков) Центра ГИМС Главного управления МЧС России по Псковской области и старшего инспектора отдела госконтроля, надзора и рыбоохраны по Псковской области Северо-Западного агентства по рыболовству. В зависимости от действий каждого, они обвиняются в превышении должностных полномочий (ч.1 ст.286 УК РФ) и служебном подлоге (ч.2 ст.292 УК РФ), а также подстрекательстве и пособничестве при совершении данных преступлений.
Уголовное дело возбуждено по материалам оперативно-розыскной деятельности УФСБ России по Псковской области и службы по вопросам противодействия коррупции на территории Псковской области ГУ МЧС по Нижегородской области.
По версии следствия, летом 2020 года пятерым жителям сопредельного региона в Центре ГИМС ГУ МЧС России по Псковской области незаконно изготовлены и выданы удостоверения на право управления маломерным судном типа маломерного моторного судна и гидроцикла, однако в действительности они аттестацию не проходили и не обладали необходимыми теоретическими познаниями правил пользования маломерными судами, а также навыками практического управления судном.
В настоящее время следствием собрана достаточная доказательственная база в связи с чем уголовное дело с утвержденным обвинительным заключением направлено в суд для рассмотрения по существу."
/news/item/1155515/,pskov,В Пскове полицейский признан виновным в вымогательстве взятки,[],02 Ноября 2022,"Собранные следственным отделом по г.Псков следственного управления СК России по Псковской области доказательства признаны судом достаточными для вынесения приговора в отношении бывшего инспектора дорожно-патрульной службы УМВД России по г. Пскову. Он признан виновным в совершении преступления, предусмотренного п.«б» ч.5 ст.290 УК РФ (получение должностным лицом лично взятки в виде денег за незаконное бездействие  в пользу взяткодателя, совершенное с вымогательством взятки).
Следствием и судом установлено, что 15 марта 2016 года полицейский, во время несения службы на Октябрьском проспекте в г.Пскове, выявив факт остановки водителя легкового автомобиля в запрещенном месте, а также управления им транспортным средством в состоянии алкогольного опьянения, за денежное вознаграждение в размере 30 000 рублей пообещал не привлекать к установленной законом ответственности.
Спустя час полицейский был задержан сотрудниками собственной безопасности УМВД России по Псковской области при получении от водителя оговоренной суммы взятки.
Приговором Псковского городского суда виновному назначено наказание в виде штрафа в размере 2,5 млн  рублей с лишением права занимать определенную должность сроком на 3 года."
/news/item/1712145/,pskov,В Пскове перед судом предстанет бывший судебный пристав по обвинению в присвоении вверенных ему денег,['присвоение'],28 Октября 2022,"Вторым отделом по расследованию особо важных дел (о преступлениях против государственной власти и в сфере экономики) следственного управления Следственного комитета Российской Федерации по Псковской области завершено расследование уголовного дела в отношении бывшего судебного пристава. Он обвиняется в совершении 19 преступлений, предусмотренных ч.3 ст.160 УК РФ (присвоение, то есть хищение чужого имущества, вверенного виновному, совершенное лицом с использованием своего служебного положения).
По версии следствия, с июня 2020 года по декабрь 2021 года обвиняемый присвоил себе денежные средства на общую сумму почти полмиллиона рублей, которые получил в суде и правоохранительных органах по 20 исполнительным производствам о конфискации денежных средств в рублях и иностранной валюте в доход государства или перечисления взыскателям.
Преступная схема выявлена отделом противодействия коррупции УФССП России по Псковской области и УФСБ России по Псковской области.
Ущерб, причиненный противоправными действиями, возмещен в полном объеме.
В настоящее время следствием собрана достаточная доказательственная база, в связи с чем уголовное дело с утвержденным обвинительным заключением направлено в суд для рассмотрения по существу."
/news/item/1678363/,pskov,В Себежском районе мужчина подозревается в попытке подкупить таможенника за беспрепятственный вывоз из страны крупной суммы денег,['взятка'],17 Октября 2022,"Следственными органами Следственного комитета Российской Федерации по Псковской области возбуждено уголовное дело в отношении иностранного гражданина. Он подозревается в совершении преступления, предусмотренного ч.3 ст.30, ч.3 ст.291 УК РФ (покушение на дачу взятки)
По версии следствия, 19 апреля 2022 года мужчина был задержан сотрудникам УФСБ России по Псковской области и Псковской таможни при попытке подкупить таможенного инспектора за беспрепятственный вывоз из страны крупной суммы денег в иностранной валюте, в эквиваленте более 100 тысяч долларов США.
В настоящее время проводятся следственные действия, направленные на установление всех обстоятельств совершенного преступления."
/news/item/1858685/,pskov,"В Пыталовском районе перед судом предстанет мужчина, обвиняемый в покушении на дачу взятки сотруднику таможни",['взятка'],08 Октября 2022,"Следственными органами Следственного комитета Российской Федерации по Псковской области завершено расследование уголовного дела по обвинению 63-летнего мужчины в совершении преступления, предусмотренного ч. 3 ст. 30, ч. 3 ст. 291 УК РФ (покушение на дачу взятки должностному лицу за совершение заведомо незаконных действий).
 По версии следствия, 15 декабря 2023 года в вечернее время обвиняемый в ходе прохождения таможенного контроля на международном автомобильном пункте пропуска в Пыталовском районе пытался дать взятку в иностранной валюте сотруднику таможенной службы за разрешение въезда на территорию Российской Федерации на управляемом им автомобиле с грузом без соответствующих разрешительных документов. Однако должностное лицо отказалось от получения взятки, водитель был задержан.
 В настоящее время следствием собрана достаточная доказательственная база, и уголовное дело с утвержденным обвинительным заключением направлено в суд для рассмотрения по существу."
/news/item/1856368/,pskov,В Пскове мужчина признан виновным в злоупотреблении должностными полномочиями,['злоупотребление полномочиями'],05 Сентября 2022,"Собранные следственными органами Следственного комитета Российской Федерации по Псковской области доказательства признаны судом достаточными для вынесения приговора в отношении 59-летнего бывшего директора муниципального казенного учреждения города Пскова «Специализированная служба». Он признан виновным в совершении преступления, предусмотренного ч. 1 ст. 285 УК РФ (злоупотребление должностными полномочиями).
 Установлено, что 9 сентября 2020 года осужденный, являясь должностным лицом муниципального учреждения, отдал своим подчиненным распоряжение об оказании своему знакомому услуги по очистке емкостей по сбору воды и отходов с использованием стоящей на балансе учреждения специализированной техники, за что впоследствии получил денежное вознаграждение. Однако полученные за оказанную услугу денежные средства мужчина на счет предприятия не внес, скрыв факт ее возмездного оказания от Администрации города Пскова, чем причинил муниципальному образованию «Город Псков» материальный ущерб в виде недополученного дохода.
 Приговором суда виновному с учетом полного возмещения причиненного материального ущерба назначено наказание в виде лишения права занимать  должности в органах местного самоуправления, связанные с осуществлением организационно-распорядительных и административно-хозяйственных полномочий сроком на 2 года.
 Приговор в законную силу не вступил."
/news/item/1748552/,pskov,Сотрудники управления посетили Псковский детский дом,['мероприятия'],24 Августа 2022,"Сотрудники следственного управления Следственного комитета Российской Федерации по Псковской области пришли к ребятам в Центр помощи детям, оставшимся без попечения родителей, города Пскова. Встреча была приурочена к Международному дню борьбы с коррупцией, который отмечается 9 декабря.
Мероприятие было проведено совместно с председателем всероссийской общественной организации «Содружество выпускников детских домов «Дети всей страны».  
С целью повышения уровня правовой грамотности с ребятами разобраны наиболее часто встречаемые ситуации, которых следует избегать, чтобы не стать жертвой преступления или не вступить в конфликт с законом, а также применяемые меры ответственности к нарушителям и их последствия.
В продолжении встречи в целях создания у детей антикоррупционного мировоззрения побеседовали на тему о вреде коррупции и негативных последствиях.
Поскольку этот день богат на различные события, была затронута тема Героев Отечества прошлого и современности, некоторые из которых родились или стали известны своими подвигами на псковской земле.
В заключительной части мероприятия у ребят была возможность раскрыть затронутые темы через рисунки."
/news/item/1143388/,pskov,В Дедовичах бывший заместитель главы районной администрации признан виновным в получении взятки,[],01 Августа 2022,"Собранные следственными органами Следственного комитета Российской Федерации по Псковской области доказательства признаны судом достаточными для вынесения приговора в отношении бывшего заместителя Главы администрации Дедовичского района. Уголовное дело было возбуждено по материалам оперативно-розыскной деятельности УФСБ России по Псковской области. Он признан виновным в совершении преступления, предусмотренного ч.2 ст.290 УК РФ (получение взятки).
Установлено, что в 2014 году чиновник способствовал реализации в собственность местного предпринимателя муниципального имущества, расположенного в районном центре, общей площадью почти полтысячи квадратных метров. 23 октября 2015 года при получении за свои услуги от коммерсанта взятки в размере 50 000 рублей он был пойман с поличным.
Одновременно с задержанием чиновника, следователи совместно с оперативниками ФСБ провели обыски по месту жительства задержанного и его работы, где была обнаружена и изъята первая часть взятки.
Из показаний чиновника, не отрицавшего факт получения от предпринимателя денег, следовало, что он воспринимал это в качестве благодарности за свои услуги.
В связи с этим, по представлению следствия об устранении причин и условий, способствовавших совершению преступления, в Администрации Дедовичского района с сотрудниками проведены занятия по изучению антикоррупционного законодательства.
На следствии чиновник полностью признал свою вину и ходатайствовал о рассмотрении уголовного дела в суде в особом порядке. 
Приговором Дедовичского районного суда виновному назначено наказание в виде штрафа в размере 2 миллионов рублей с лишением права занимать определенные должности на срок 1 год 11 месяцев.
Гражданам необходимо помнить об уголовной ответственности за дачу взятки, вне зависимости от ее размера, и о последующих неблагоприятных последствиях для себя лично и своих близких, связанных с наличием судимости."
/news/item/1729780/,pskov,В Пыталово перед судом предстанет иностранец по обвинению в попытке подкупить таможенника,['взятка'],29 Июля 2022,"Следственными органами Следственного комитета Российской Федерации по Псковской области завершено расследование уголовного дела в отношении иностранного гражданина. Он обвиняется в совершении преступления, предусмотренного ч.3 ст.30, ч.1 ст.291 УК РФ (покушение на дачу взятки).
По версии следствия, после полуночи 15 сентября 2022 года иностранец при прохождении границы в Пыталовском районе Псковской области пытался подкупить сотрудника таможни, передав в качестве взятки 15 тысяч рублей за ускорение процедуры прохождения таможенного контроля. Сотрудник таможни отказался принять деньги и сообщил руководству о склонении его к коррупционному преступлению, в результате чего взяткодатель был задержан.
В настоящее время следствием собрана достаточная доказательственная база, в связи с чем уголовное дело с утвержденным обвинительным заключением направлено в суд для рассмотрения по существу."
/news/item/1717603/,pskov,В Пскове перед судом предстанут бывшие сотрудники автодорожного надзора по обвинению во взяточничестве и служебном подлоге,"['взятка', 'служебный подлог']",26 Июля 2022,"Следственными органами Следственного комитета Российской Федерации по Псковской области завершено расследование уголовного дела в отношении бывшего начальника территориального отдела государственного автодорожного надзора по Псковской области Северо-Восточного межрегионального управления государственного автодорожного надзора Федеральной службы по надзору в сфере транспорта и бывшего главного государственного инспектора этого подразделения. В зависимости от действий каждого, они обвиняются в получении двух взяток (ч.3 ст.290 и п. «а» ч.5 ст.290 УК РФ), а также служебном подлоге (ч.1 ст.292 УК РФ). 
Уголовное дело было возбуждено по материалам оперативно-розыскной деятельности региональных управлений ФСБ и МВД.
По версии следствия, 14 января 2021 года обвиняемые за существенное снижение административного штрафа получили требуемую ими сумму взятки в размере 30 тысяч рублей от представителя коммерческой компании, груз которой перевозился по дорогам Псковской области с превышением допустимой массы транспортного средства, предварительно сфальсифицировав материалы дела об административном правонарушении.
Кроме того, 16 марта 2021 года главный государственный инспектор получил требуемую им сумму взятки в размере 50 тысяч рублей от представителя другой коммерческой компании, груз которой также перевозился по дорогам Псковской области с превышением допустимой массы транспортного средства.
В настоящее время следствием собрана достаточная доказательственная база, в связи с чем уголовное дело с утвержденным обвинительным заключением направлено в суд для рассмотрения по существу."
/news/item/1805862/,pskov,В Пскове трое участников преступного сообщества признаны виновными в хищении бюджетных средств и имущества,"['коррупция', 'мошенничество']",13 Июля 2022,"Собранные третьим отделом по расследованию особо важных дел (о преступлениях прошлых лет) следственного управления Следственного комитета Российской Федерации по Псковской области доказательства признаны судом достаточными для вынесения обвинительных приговоров отношении трех из девяти участников преступного сообщества, обвиняемых следствием в серии мошеннических действий в особо крупном размере и других преступлений (ч.4 ст.159, п. «а», «б» ч.2 ст.165, ч.1 ст.222, ч.2 и 3 ст.210 УК РФ), которые заключили досудебное соглашение о сотрудничестве и активно содействовали раскрытию и расследованию преступлений.
Установлено, что с 2018 по 2021 гг. участники преступного сообщества, в которое входили руководители подразделений УМВД России по Псковской области и их подчиненные из тылового обеспечения, а также сотрудники коммерческих организаций города Пскова по техническому обслуживанию и ремонту автомобилей совершили хищение мошенническим путем бюджетных средств МВД России на сумму почти 11 млн рублей, а также похитили мошенническим путем 20 ведомственных легковых и грузовых автомобилей иностранного и отечественного производства, а также специальную технику, причинив в результате указанных и иных противоправных действий общий ущерб на сумму почти 20 млн рублей.
Уголовное дело возбуждено и расследовано при оперативном сопровождении сотрудников Главного управления собственной безопасности МВД России, а также собственной безопасности УМВД России по Псковской области.
В ходе обысков следователи изъяли у фигурантов наличные денежные средства на сумму около одного миллиона рублей, а также наложили арест на их движимое и недвижимое имущество в Псковской области и других регионах России на общую сумму 7 млн рублей.
Приговором суда виновным назначено наказание в виде лишения свободы от 3,5 до 5 лет. Наказание они будут отбывать условно. Уголовное дело в отношении еще 6 подследственных, половина из которых содержится под стражей, находится на завершающей стадии расследования."
/news/item/1737089/,pskov,В Великих Луках женщина признана виновной в даче взятки сотруднику полиции,['взятка'],29 Июня 2022,"Собранные следственными органами Следственного комитета Российской Федерации по Псковской области доказательства признаны судом достаточными для вынесения приговора в отношении местной жительницы. Она признана виновной в совершении преступления, предусмотренного ч. 3 ст. 30, ч. 3 ст. 291 УК РФ (покушение на дачу взятки).
Установлено, что 18 июня 2022 года инспектор ДПС, находясь на автодороге М-9 «Балтия» Великолукского района, остановил водителя внедорожника Тойота, в действиях которого усматривались признаки административного правонарушения, предусматривающего ответственность за управление транспортным средством водителем, находящимся в состоянии алкогольного опьянения.
В это время пассажирка автомобиля, желая помочь водителю уйти от ответственности, положила в карман форменного обмундирования инспектора взятку в виде денег в сумме 30 тысяч рублей. Однако её преступные действия не были доведены до конца в связи с отказом сотрудника ДПС принять денежные средства.
В судебном заседании подсудимая свою вину признала полностью, раскаялась в содеянном.
Приговором суда женщине назначено наказание в виде штрафа."
/news/item/1791362/,pskov,В Пскове одна из участниц преступного сообщества признана виновной в хищении бюджетных средств и имущества,['мошенничество'],16 Июня 2022,"Собранные третьим отделом по расследованию особо важных дел (о преступлениях прошлых лет) следственного управления Следственного комитета Российской Федерации по Псковской области доказательства признаны судом достаточными для вынесения обвинительного приговора в отношении одной из девяти участников преступного сообщества, обвиняемых в серии мошеннических действий в особо крупном размере и других преступлений (ч.4 ст.159, п. «а», «б» ч.2 ст.165, ч.1 ст.222, ч.2 и 3 ст.210 УК РФ), которая заключила досудебное соглашение о сотрудничестве и активно содействовала раскрытию и расследованию преступлений.
Установлено, что с 2018 по 2021 гг. участники преступного сообщества, в которое входили руководители подразделений УМВД России по Псковской области и их подчиненные из тылового обеспечения, а также сотрудники коммерческих организаций города Пскова по техническому обслуживанию и ремонту автомобилей совершили хищение мошенническим путем бюджетных средств МВД России на сумму почти 11 млн рублей, а также похитили мошенническим путем 20 ведомственных легковых и грузовых автомобилей иностранного и отечественного производства, а также специальную технику, причинив в результате указанных и иных противоправных действий общий ущерб на сумму почти 20 млн рублей.
Уголовное дело возбуждено и расследовано при оперативном сопровождении сотрудников Главного управления собственной безопасности МВД России, а также собственной безопасности УМВД России по Псковской области.
В ходе обысков следователи изъяли у фигурантов наличные денежные средства на сумму около одного миллиона рублей, а также наложили арест на движимое и недвижимое имущество фигурантов в Псковской области и других регионах России на общую сумму 7 млн рублей.
Приговором суда виновной назначено наказание в виде 3,5 лет лишения свободы. Наказание будет отбывать условно.
В отношении двух других фигурантов, которые заключили досудебное соглашение о сотрудничестве, уголовные дела рассматриваются в суде. Еще 6 подследственных, половина из которых содержится под стражей, в связи с окончанием предварительного следствия знакомятся с материалами основного уголовного дела."
/news/item/1864972/,pskov,В Себежском районе мужчина предстанет перед судом по обвинению в покушении на дачу взятки сотруднику таможни,['взятка'],27 Мая 2022,"Следственными органами Следственного комитета Российской Федерации по Псковской области завершено расследование уголовного дела в отношении иностранного гражданина. Он обвиняется в совершении преступления, предусмотренного ч. 3 ст. 30, ч. 3 ст. 291 УК РФ (покушение на дачу взятки должностному лицу лично за совершение заведомо незаконных действий).
По версии следствия, 30 января 2024 года обвиняемый в ходе прохождения таможенного контроля на международном автомобильном пункте пропуска в Себежском районе пытался дать взятку в иностранной валюте сотруднику таможенной службы за ускорение процедуры досмотра управляемого им автомобиля с грузом, однако должностное лицо отказалось от получения взятки, водитель был задержан.
В настоящее время следствием собрана достаточная доказательственная база, прокурором утверждено обвинительное заключение, и уголовное дело направлено в суд для рассмотрения по существу."
/news/item/1711335/,pskov,В Великих Луках врач подозревается в получении взятки,['взятка'],27 Апреля 2022,"Следственными органами Следственного комитета Российской Федерации по Псковской области по материалам оперативно-розыскной деятельности ОЭБ и ПК ОМВД России по г.Великие Луки возбуждено уголовное дело в отношении врача Великолукской межрайонной больницы. Он подозревается в совершении преступления, предусмотренного ч.3 ст.290 УК РФ (получение взятки).По версии следствия, с конца 2019 года до начала 2022 года подозреваемый получил взятку в виде денег на общую сумму 84 тысячи рублей за предоставление представителю ритуальной компании ставшие известными ему в связи с исполнением своих должностных обязанностей сведения об умерших пациентах, которые использовались коммерсантом для незамедлительного установления контакта с родственниками умершего в целях навязывания услуг по захоронению.В настоящее время проводятся следственные действия, направленные на установление всех обстоятельств совершенного преступления."
/news/item/1709883/,pskov,В Себежском районе руководитель нацпарка подозревается в растрате,['растрата'],23 Марта 2022,"Следственными органами Следственного комитета Российской Федерации по Псковской области по материалам оперативно-розыскной деятельности УФСБ России по Псковской области возбуждено уголовное дело по признакам преступления, предусмотренного ч.3 ст.160 УК РФ (растрата) в отношении директора ФГБУ «Национальный парк «Себежский».
По версии следствия, в феврале 2022 года подозреваемая дала указание подчиненным издать распоряжение о премировании некоторых работников нацпарка. На основании изданных распоряжений данным работникам была выплачена внеплановая разовая денежная премия, часть которой на сумму не менее 45 тысяч рублей, была направлена на оплату административных штрафов от регионального управления ФАС за нарушения в сфере госзакупок.
В настоящее время проводятся следственные действия, направленные на установление всех обстоятельств совершенного преступления."
/news/item/1143391/,pskov,В Гдовском районе арестован мужчина по обвинению во взяточничестве,[],22 Марта 2022,"Псковском межрайонным следственным отделом следственного управления СК России по Псковской области расследуется уголовное дело в отношении 40-летнего мужчины. Он обвиняется в совершении преступления, предусмотренного ч.3 ст.291 УК РФ (дача взятки должностному лицу).
Из материалов уголовного дела следует, что вечером 1 апреля 2016 года подозреваемый, находясь в служебной автомашине полиции на 114 км автодороги Псков-Гдов-Сланцы, пытался подкупить полицейского, передав ему взятку в виде денег в сумме 3 000 рублей за непривлечение его брата к административной ответственности, который был задержан за управление грузовым автомобилем без документов.
В настоящее время данному лицу предъявлено обвинение и по ходатайству следствия судом избрана мера пресечения в виде заключения под стражу. Расследование уголовного дела продолжается."
/news/item/1025267/,pskov,В Пскове возбуждено уголовное дело по факту получения полицейским взятки,[],11 Марта 2022,"Следственным отделом по г.Псков Следственного управления СК России по Псковской области возбуждено уголовное дело в отношении инспектора дорожно-патрульной службы УМВД России по г.Пскову. Основанием возбуждения уголовного дела послужили материалы оперативно-розыскной деятельности оперативно-розыскной части собственной безопасности УМВД России по Псковской области.
По версии следствия, 15 марта 2016 года полицейский, во время несения службы на Октябрьском проспекте в г.Пскове, выявив факт остановки водителя легкового автомобиля в запрещенном месте, а также управления им транспортным средством в состоянии алкогольного опьянения, за денежное вознаграждение в размере 30 000 рублей пообещал не привлекать к установленной законом ответственности.
Спустя час полицейский был задержан сотрудниками собственной безопасности УМВД России по Псковской области при получении от водителя оговоренной суммы взятки.
В настоящее время проводятся следственные действия, направленные на установление всех обстоятельств совершенного преступления."
/news/item/1753728/,pskov,В Пскове перед судом предстанут участники преступного сообщества по обвинению в хищении бюджетных средств и имущества,['мошенничество'],28 Февраля 2022,"Третьим отделом по расследованию особо важных дел (о преступлениях прошлых лет) следственного управления Следственного комитета Российской Федерации по Псковской области завершено расследование уголовного дела в отношении трех из девяти участников преступного сообщества, обвиняемых в серии мошеннических действий в особо крупном размере и других преступлений (ч.4 ст.159, п. «а», «б» ч.2 ст.165, ч.1 ст.222, ч.2 и 3 ст.210 УК РФ), которые заключили досудебное соглашение о сотрудничестве и активно содействовали раскрытию и расследованию преступлений.
По версии следствия, с 2018 по 2021 гг. участники преступного сообщества, в которое входили руководители подразделений УМВД России по Псковской области и их подчиненные из тылового обеспечения, а также сотрудники коммерческих организаций города Пскова по техническому обслуживанию и ремонту автомобилей совершили хищение мошенническим путем бюджетных средств МВД России на сумму почти 11 млн рублей, а также похитили мошенническим путем 20 ведомственных легковых и грузовых автомобилей иностранного и отечественного производства, а также специальную технику, причинив в результате указанных и иных противоправных действий общий ущерб на сумму почти 20 млн рублей.
Уголовное дело возбуждено и расследовано при оперативном сопровождении сотрудников Главного управления собственной безопасности МВД России, а также собственной безопасности УМВД России по Псковской области.
В ходе обысков следователи изъяли у фигурантов наличные денежные средства на сумму около одного миллиона рублей, а также наложили арест на движимое и недвижимое имущество фигурантов в Псковской области и других регионах России на общую сумму 7 млн рублей.
В настоящее время следствием собрана достаточная доказательственная база, в связи с чем уголовное дело направлено в суд для рассмотрения по существу."
/news/item/1666613/,pskov,В Печорском районе мужчина подозревается в даче взятки таможеннику за ввоз санкционных продуктов,['взятка'],03 Февраля 2022,"Следственными органами Следственного комитета Российской Федерации по Псковской области по материалам оперативно-розыскной деятельности отдела по противодействию коррупции Псковской таможни и Псковского линейного отдела МВД России на транспорте возбуждено уголовное дело в отношении иностранного гражданина. Он подозревается в совершении преступления, предусмотренного ч.3 ст.30, ч.3 ст.291 УК РФ (покушение на дачу взятки).
Из материалов уголовного дела следует, что 19 марта 2022 года подозреваемый, управляя крупнотоннажным грузовым автомобилем, перевозил через границу Российской Федерации произведенные заграницей мясные продукты в количестве 18,5 тонн, в отношении которых установлены специальные правила. Находясь на территории таможенного поста в Печорском районе, он пытался подкупить инспектора Псковской таможни взяткой в размере 1200 евро за беспрепятственное прохождение таможенного оформления, однако был задержан с поличным.
В настоящее время произведено процессуальное задержание подозреваемого. Следователи проводят следственные действия, направленные на установление всех обстоятельств совершенного преступления."
/news/item/1721247/,pskov,В Псковской области иностранный гражданин признан виновным в коррупционном преступлении,"['взятка', 'приговор', 'суд']",12 Января 2022,"Собранные вторым отделом по расследованию особо важных дел (о преступлениях против государственной власти и в сфере экономики) следственного управления Следственного комитета Российской Федерации по Псковской области доказательства признаны судом достаточными для вынесения приговора в отношении 35-летнего жителя сопредельного государства. Он признан виновным в посредничестве во взяточничестве (ч.2 ст.291.1 УК РФ) и покушении на это преступление (ч.3 ст.30, ч.2 ст.291.1 УК РФ).
Установлено, что 22 августа 2020 года осужденный, действуя в интересах взяткодателя, за вознаграждение в размере 200 долларов США передал другому посреднику, который ранее осуществлял свою трудовую деятельность в российской таможне и уголовное дело в отношении которого рассмотрено в отдельном производстве с вынесением обвинительного приговора, 1000 долларов США для дачи взятки таможенному инспектору за содействие в беспрепятственном прохождении грузового транспортного средства с незаконно перемещаемыми сигаретами.
24 сентября 2020 года при совершении аналогичных действий по незаконному перемещению сигарет через государственную границу на двух грузовиках за двойную оплату преступление было пресечено сотрудниками регионального управления ФСБ и таможни.
В ходе предварительного следствия с российским посредником заключено досудебное соглашение о сотрудничестве, которое выполнено в полном объеме. Приговором суда ему назначено наказание в виде штрафа в размере 450 тысяч рублей.
В настоящее время приговором суда 35-летнему жителю сопредельного государства назначено наказание в виде штрафа в размере 550 тысяч рублей."
/news/item/1879928/,pskov,В городе Пскове бывший заместитель главы городской администрации и предприниматель подозреваются во взяточничестве,['взятка'],29 Декабря 2021,"В рамках расследования уголовного дела в отношении бывшего заместителя главы администрации города Пскова – начальника управления городского хозяйства Администрации города Пскова выявлен новый эпизод его преступной деятельности. Следственными органами СК России по Псковской области он подозревается в совершении преступления, предусмотренного п. «в» ч. 5 ст. 290 УК РФ (получение должностным лицом взятки в крупном размере), в отношении взяткодателя возбуждено уголовное дело по признакам преступления, предусмотренного п. «б» ч. 4 ст. 291 УК РФ (дача взятки должностному лицу в крупном размере).
По версии следствия, в период с 15 по 18 сентября 2023 года 37-летний предприниматель, фактически являющийся руководителем двух коммерческих предприятий по строительству дорожных сетей, передал заместителю главы администрации города Пскова – начальнику управления городского хозяйства Администрации города Пскова массажное кресло стоимостью более 400 тыс. рублей за своевременное и беспрепятственное принятие работ по заключенным между предприятиями и управлением городского хозяйства города Пскова муниципальным контрактам.Преступная деятельность выявлена сотрудниками ОЭБ и ПК УМВД России по Псковской области. Материалы переданы в следственные органы СК России, где им дана надлежащая правовая оценка и приняты решения о возбуждении уголовных дел.
В настоящее время взяткодатель задержан, решается вопрос об избрании ему меры пресечения. Уголовное дело в отношении бывшего должностного лица соединено в одно производство с ранее возбужденным уголовным делом по обвинению его в получении взятки (ч. 6 ст. 290 УК РФ), в рамках которого по ходатайству следователя СК России судом в отношении фигуранта была избрана мера пресечения в виде заключения под стражу.
По уголовным делам продолжается выполнение следственных и иных процессуальных действий, направленных на установление всех обстоятельств преступлений, сбор и закрепление доказательственной базы."
/news/item/1024978/,pskov,В Невеле мужчина подозревается в реализации суррогата и взяточничестве,[],07 Августа 2017,"Великолукским межрайонным следственным отделом Следственного управления СК России по Псковской области возбуждено уголовное дело в отношении 53-летнего местного жителя. Он подозревается в совершении преступлений, предусмотренных ч.1 ст.238 (сбыт продукции, не отвечающей требованиям безопасности) и ч.3 ст.291 УК РФ (дача взятки должностному лицу).
По версии следствия, в январе 2016 года подозреваемый приобрел в районном центре спиртосодержащую жидкость, которую с указанного времени разбавлял водой с водоразборной колонки и реализовывал ее местным жителям под видом пищевого продукта по месту жительства в г.Невеле, пока его деятельность не была пресечена 20 февраля 2016 полицейскими в ходе проведения оперативно-розыскных мероприятий.
26 февраля 2016 года, желая избежать привлечения к уголовной ответственности, он пытался подкупить полицейского, в производстве которого находился материал проверки, передав ему деньги в сумме 3000 рублей, однако сразу после этого продавец суррогата был задержан с поличным.
В настоящее время проводятся следственные действия, направленные на сбор и закрепление доказательственной базы."
/news/item/1731975/,pskov,В Пскове должностные лица признаны виновными в незаконной выдаче удостоверений на право управления маломерными суднами,"['превышение полномочий', 'приговор', 'служебный подлог', 'суд']",04 Апреля 2016,"Собранные третьим отделом по расследованию особо важных дел следственного управления Следственного комитета Российской Федерации по Псковской области доказательства признаны судом достаточными для вынесения приговора в отношении руководителя инспекторского отделения №1 (г.Псков) Центра ГИМС Главного управления МЧС России по Псковской области и старшего инспектора отдела госконтроля, надзора и рыбоохраны по Псковской области Северо-Западного агентства по рыболовству. В зависимости от действий каждого, они признаны виновными в превышении должностных полномочий (ч.1 ст.286 УК РФ) и служебном подлоге (ч.2 ст.292 УК РФ), а также подстрекательстве и пособничестве при совершении данных преступлений.
Уголовное дело возбуждено по материалам оперативно-розыскной деятельности УФСБ России по Псковской области и службы по вопросам противодействия коррупции на территории Псковской области ГУ МЧС по Нижегородской области.
Установлено, что летом 2020 года пятерым жителям сопредельного региона в Центре ГИМС ГУ МЧС России по Псковской области незаконно изготовлены и выданы удостоверения на право управления маломерным судном типа маломерного моторного судна и гидроцикла, однако в действительности они аттестацию не проходили и не обладали необходимыми теоретическими познаниями правил пользования маломерными судами, а также навыками практического управления судном.
Приговором суда одному из виновных назначено наказание в виде крупного штрафа, а его подельнику – 2 года лишения свободы, условно, с испытательным сроком 2 года."
/news/item/1857618/,pskov,"В Псковской области перед судом предстанет местный житель, обвиняемый в даче взятки сотруднику таможни",['взятка'],24 Марта 2016,"Следственными органами Следственного комитета Российской Федерации по Псковской области завершено расследование уголовного дела по обвинению 45-летнего местного жителя в совершении преступления, предусмотренного ч. 5 ст. 291 УК РФ (дача взятки должностному за совершение заведомо незаконных действий, в особо крупном размере).
 Уголовное дело было возбуждено по материалам регионального управления ФСБ России.
 По версии следствия, в сентябре 2022 года обвиняемый через посредника, действовавшего в рамках оперативного эксперимента, дал взятку в размере более 1 миллиона рублей инспектору Псковской таможни, также действовавшему в рамках оперативного эксперимента, за беспрепятственное прохождение через временную зону таможенного контроля грузовых транспортных средств с овощной и фруктовой продукцией.
 В настоящее время следствием собрана достаточная доказательственная база, и уголовное дело с утвержденным обвинительным заключением направлено в суд для рассмотрения по существу."
/news/item/1847339/,pskov,В Псковской области перед судом предстанет мужчина за совершение коррупционного преступления,['взятка'],23 Марта 2016,"Следственными органами Следственного комитета Российской Федерации по Псковской области завершено расследование уголовного дела в отношении 46-летнего жителя Московской области.. Он обвиняется в совершении преступления, предусмотренного ч. 3 ст. 30, ч. 3 ст. 291 УК РФ (покушение на дачу взятки должностному лицу лично, в значительном размере, за совершение заведомо незаконных действий).По версии следствия, в ночь с 15 на 16 ноября 2023 года обвиняемый совместно с супругой въезжали на территорию Российской Федерации через российско-эстонскую границу на личных автомобилях с зарубежной регистрацией. Проходя таможенный контроль, желая избежать необходимости вносить таможенный депозит за ввозимые им и его супругой автомобили, мужчина попытался дать взятку сотруднику таможни в размере 100 000 рублей, однако сотрудник таможни от получения взятки отказался, и мужчина был задержан.В настоящее время следствием собрана достаточная доказательственная база, и уголовное дело с утвержденным обвинительным заключением направлено в суд для рассмотрения по существу."
/news/item/1814019/,pskov,В Себежском районе водитель-экспедитор подозревается в попытке подкупить сотрудника таможни,['взятка'],02 Марта 2016,"Следственными органами Следственного комитета Российской Федерации по Псковской области по материалам оперативно-розыскной деятельности УФСБ России по Псковской области и Псковской таможни возбуждено уголовное дело в отношении гражданина Азербайджана. Он подозревается в покушении на дачу взятки сотруднику таможенной службы (ч.3 ст.30, ч.3 ст.291 УК РФ).По версии следствия, 28 июля 2023 года подозреваемый в ходе прохождения таможенного оформления на международном автомобильном пункте пропуска в Себежском районе пытался дать взятку в размере 300 Евро сотруднику таможенной службы за беспрепятственный выезд с территории Российской Федерации с незаконно перемещаемым им товаром без разрешительных документов, однако был задержан с поличным.В настоящее время подозреваемый задержан, ему предъявлено обвинение, по ходатайству следователя судом избрана мера пресечения в виде заключения под стражу. Расследование уголовного дела продолжается."
